SET NAMES utf8mb4 COLLATE utf8mb4_unicode_ci;
USE salas_db;

-- Facultades
INSERT INTO facultad (id_facultad, nombre) VALUES
  (1, 'Ingeniería y Tecnologías'),
  (2, 'Ciencias Empresariales'),
  (3, 'Ciencias Humanas');

-- Edificios
INSERT INTO edificio (nombre_edificio, direccion, departamento) VALUES
  ('Sede Central', 'Av. 8 de Octubre 2738', 'Montevideo'),
  ('Campus Pocitos', 'Av. Brasil 2697', 'Montevideo'),
  ('Campus Norte', 'Gral. Rivera 4100', 'Montevideo'),
  ('Campus Este', 'Av. Italia 5700', 'Montevideo'),
  ('Campus Oeste', 'Bvar. Artigas 1200', 'Montevideo');

-- Programas académicos
INSERT INTO programa_academico (nombre_programa, id_facultad, tipo) VALUES
  ('Ing. en IA y Datos', 1, 'grado'),
  ('Lic. en Ingeniería Informática', 1, 'grado'),
  ('MBA', 2, 'posgrado'),
  ('Finanzas Aplicadas', 2, 'posgrado'),
  ('Psicología', 3, 'grado'),
  ('Educación', 3, 'posgrado');

-- Participantes (~100)
INSERT INTO participante (ci, nombre, apellido, email, tipo_participante, es_admin) VALUES
  ('59876543', 'Ada', 'Lovelace', 'ada@ucu.edu.uy', 'docente', 1),
  ('50000001', 'Docente', 'Admin', 'docente.admin@ucu.edu.uy', 'docente', 1),
  ('40000001', 'Estudiante', 'Uno', 'estudiante.uno@ucu.edu.uy', 'estudiante', 0),
  ('40000002', 'Nombre2', 'Apellido2', 'nombre2.apellido2@demo.ucu.edu.uy', 'posgrado', 1),
  ('40000003', 'Nombre3', 'Apellido3', 'nombre3.apellido3@demo.ucu.edu.uy', 'estudiante', 1),
  ('40000004', 'Nombre4', 'Apellido4', 'nombre4.apellido4@demo.ucu.edu.uy', 'docente', 0),
  ('40000005', 'Nombre5', 'Apellido5', 'nombre5.apellido5@demo.ucu.edu.uy', 'posgrado', 1),
  ('40000006', 'Nombre6', 'Apellido6', 'nombre6.apellido6@demo.ucu.edu.uy', 'estudiante', 0),
  ('40000007', 'Nombre7', 'Apellido7', 'nombre7.apellido7@demo.ucu.edu.uy', 'docente', 0),
  ('40000008', 'Nombre8', 'Apellido8', 'nombre8.apellido8@demo.ucu.edu.uy', 'posgrado', 0),
  ('40000009', 'Nombre9', 'Apellido9', 'nombre9.apellido9@demo.ucu.edu.uy', 'estudiante', 0),
  ('40000010', 'Nombre10', 'Apellido10', 'nombre10.apellido10@demo.ucu.edu.uy', 'docente', 0),
  ('40000011', 'Nombre11', 'Apellido11', 'nombre11.apellido11@demo.ucu.edu.uy', 'posgrado', 0),
  ('40000012', 'Nombre12', 'Apellido12', 'nombre12.apellido12@demo.ucu.edu.uy', 'estudiante', 0),
  ('40000013', 'Nombre13', 'Apellido13', 'nombre13.apellido13@demo.ucu.edu.uy', 'docente', 0),
  ('40000014', 'Nombre14', 'Apellido14', 'nombre14.apellido14@demo.ucu.edu.uy', 'posgrado', 0),
  ('40000015', 'Nombre15', 'Apellido15', 'nombre15.apellido15@demo.ucu.edu.uy', 'estudiante', 0),
  ('40000016', 'Nombre16', 'Apellido16', 'nombre16.apellido16@demo.ucu.edu.uy', 'docente', 0),
  ('40000017', 'Nombre17', 'Apellido17', 'nombre17.apellido17@demo.ucu.edu.uy', 'posgrado', 0),
  ('40000018', 'Nombre18', 'Apellido18', 'nombre18.apellido18@demo.ucu.edu.uy', 'estudiante', 0),
  ('40000019', 'Nombre19', 'Apellido19', 'nombre19.apellido19@demo.ucu.edu.uy', 'docente', 0),
  ('40000020', 'Nombre20', 'Apellido20', 'nombre20.apellido20@demo.ucu.edu.uy', 'posgrado', 0),
  ('40000021', 'Nombre21', 'Apellido21', 'nombre21.apellido21@demo.ucu.edu.uy', 'estudiante', 0),
  ('40000022', 'Nombre22', 'Apellido22', 'nombre22.apellido22@demo.ucu.edu.uy', 'docente', 0),
  ('40000023', 'Nombre23', 'Apellido23', 'nombre23.apellido23@demo.ucu.edu.uy', 'posgrado', 0),
  ('40000024', 'Nombre24', 'Apellido24', 'nombre24.apellido24@demo.ucu.edu.uy', 'estudiante', 0),
  ('40000025', 'Nombre25', 'Apellido25', 'nombre25.apellido25@demo.ucu.edu.uy', 'docente', 0),
  ('40000026', 'Nombre26', 'Apellido26', 'nombre26.apellido26@demo.ucu.edu.uy', 'posgrado', 0),
  ('40000027', 'Nombre27', 'Apellido27', 'nombre27.apellido27@demo.ucu.edu.uy', 'estudiante', 0),
  ('40000028', 'Nombre28', 'Apellido28', 'nombre28.apellido28@demo.ucu.edu.uy', 'docente', 0),
  ('40000029', 'Nombre29', 'Apellido29', 'nombre29.apellido29@demo.ucu.edu.uy', 'posgrado', 0),
  ('40000030', 'Nombre30', 'Apellido30', 'nombre30.apellido30@demo.ucu.edu.uy', 'estudiante', 0),
  ('40000031', 'Nombre31', 'Apellido31', 'nombre31.apellido31@demo.ucu.edu.uy', 'docente', 0),
  ('40000032', 'Nombre32', 'Apellido32', 'nombre32.apellido32@demo.ucu.edu.uy', 'posgrado', 0),
  ('40000033', 'Nombre33', 'Apellido33', 'nombre33.apellido33@demo.ucu.edu.uy', 'estudiante', 0),
  ('40000034', 'Nombre34', 'Apellido34', 'nombre34.apellido34@demo.ucu.edu.uy', 'docente', 0),
  ('40000035', 'Nombre35', 'Apellido35', 'nombre35.apellido35@demo.ucu.edu.uy', 'posgrado', 0),
  ('40000036', 'Nombre36', 'Apellido36', 'nombre36.apellido36@demo.ucu.edu.uy', 'estudiante', 0),
  ('40000037', 'Nombre37', 'Apellido37', 'nombre37.apellido37@demo.ucu.edu.uy', 'docente', 0),
  ('40000038', 'Nombre38', 'Apellido38', 'nombre38.apellido38@demo.ucu.edu.uy', 'posgrado', 0),
  ('40000039', 'Nombre39', 'Apellido39', 'nombre39.apellido39@demo.ucu.edu.uy', 'estudiante', 0),
  ('40000040', 'Nombre40', 'Apellido40', 'nombre40.apellido40@demo.ucu.edu.uy', 'docente', 0),
  ('40000041', 'Nombre41', 'Apellido41', 'nombre41.apellido41@demo.ucu.edu.uy', 'posgrado', 0),
  ('40000042', 'Nombre42', 'Apellido42', 'nombre42.apellido42@demo.ucu.edu.uy', 'estudiante', 0),
  ('40000043', 'Nombre43', 'Apellido43', 'nombre43.apellido43@demo.ucu.edu.uy', 'docente', 0),
  ('40000044', 'Nombre44', 'Apellido44', 'nombre44.apellido44@demo.ucu.edu.uy', 'posgrado', 0),
  ('40000045', 'Nombre45', 'Apellido45', 'nombre45.apellido45@demo.ucu.edu.uy', 'estudiante', 0),
  ('40000046', 'Nombre46', 'Apellido46', 'nombre46.apellido46@demo.ucu.edu.uy', 'docente', 0),
  ('40000047', 'Nombre47', 'Apellido47', 'nombre47.apellido47@demo.ucu.edu.uy', 'posgrado', 0),
  ('40000048', 'Nombre48', 'Apellido48', 'nombre48.apellido48@demo.ucu.edu.uy', 'estudiante', 0),
  ('40000049', 'Nombre49', 'Apellido49', 'nombre49.apellido49@demo.ucu.edu.uy', 'docente', 0),
  ('40000050', 'Nombre50', 'Apellido50', 'nombre50.apellido50@demo.ucu.edu.uy', 'posgrado', 0),
  ('40000051', 'Nombre51', 'Apellido51', 'nombre51.apellido51@demo.ucu.edu.uy', 'estudiante', 0),
  ('40000052', 'Nombre52', 'Apellido52', 'nombre52.apellido52@demo.ucu.edu.uy', 'docente', 0),
  ('40000053', 'Nombre53', 'Apellido53', 'nombre53.apellido53@demo.ucu.edu.uy', 'posgrado', 0),
  ('40000054', 'Nombre54', 'Apellido54', 'nombre54.apellido54@demo.ucu.edu.uy', 'estudiante', 0),
  ('40000055', 'Nombre55', 'Apellido55', 'nombre55.apellido55@demo.ucu.edu.uy', 'docente', 0),
  ('40000056', 'Nombre56', 'Apellido56', 'nombre56.apellido56@demo.ucu.edu.uy', 'posgrado', 0),
  ('40000057', 'Nombre57', 'Apellido57', 'nombre57.apellido57@demo.ucu.edu.uy', 'estudiante', 0),
  ('40000058', 'Nombre58', 'Apellido58', 'nombre58.apellido58@demo.ucu.edu.uy', 'docente', 0),
  ('40000059', 'Nombre59', 'Apellido59', 'nombre59.apellido59@demo.ucu.edu.uy', 'posgrado', 0),
  ('40000060', 'Nombre60', 'Apellido60', 'nombre60.apellido60@demo.ucu.edu.uy', 'estudiante', 0),
  ('40000061', 'Nombre61', 'Apellido61', 'nombre61.apellido61@demo.ucu.edu.uy', 'docente', 0),
  ('40000062', 'Nombre62', 'Apellido62', 'nombre62.apellido62@demo.ucu.edu.uy', 'posgrado', 0),
  ('40000063', 'Nombre63', 'Apellido63', 'nombre63.apellido63@demo.ucu.edu.uy', 'estudiante', 0),
  ('40000064', 'Nombre64', 'Apellido64', 'nombre64.apellido64@demo.ucu.edu.uy', 'docente', 0),
  ('40000065', 'Nombre65', 'Apellido65', 'nombre65.apellido65@demo.ucu.edu.uy', 'posgrado', 0),
  ('40000066', 'Nombre66', 'Apellido66', 'nombre66.apellido66@demo.ucu.edu.uy', 'estudiante', 0),
  ('40000067', 'Nombre67', 'Apellido67', 'nombre67.apellido67@demo.ucu.edu.uy', 'docente', 0),
  ('40000068', 'Nombre68', 'Apellido68', 'nombre68.apellido68@demo.ucu.edu.uy', 'posgrado', 0),
  ('40000069', 'Nombre69', 'Apellido69', 'nombre69.apellido69@demo.ucu.edu.uy', 'estudiante', 0),
  ('40000070', 'Nombre70', 'Apellido70', 'nombre70.apellido70@demo.ucu.edu.uy', 'docente', 0),
  ('40000071', 'Nombre71', 'Apellido71', 'nombre71.apellido71@demo.ucu.edu.uy', 'posgrado', 0),
  ('40000072', 'Nombre72', 'Apellido72', 'nombre72.apellido72@demo.ucu.edu.uy', 'estudiante', 0),
  ('40000073', 'Nombre73', 'Apellido73', 'nombre73.apellido73@demo.ucu.edu.uy', 'docente', 0),
  ('40000074', 'Nombre74', 'Apellido74', 'nombre74.apellido74@demo.ucu.edu.uy', 'posgrado', 0),
  ('40000075', 'Nombre75', 'Apellido75', 'nombre75.apellido75@demo.ucu.edu.uy', 'estudiante', 0),
  ('40000076', 'Nombre76', 'Apellido76', 'nombre76.apellido76@demo.ucu.edu.uy', 'docente', 0),
  ('40000077', 'Nombre77', 'Apellido77', 'nombre77.apellido77@demo.ucu.edu.uy', 'posgrado', 0),
  ('40000078', 'Nombre78', 'Apellido78', 'nombre78.apellido78@demo.ucu.edu.uy', 'estudiante', 0),
  ('40000079', 'Nombre79', 'Apellido79', 'nombre79.apellido79@demo.ucu.edu.uy', 'docente', 0),
  ('40000080', 'Nombre80', 'Apellido80', 'nombre80.apellido80@demo.ucu.edu.uy', 'posgrado', 0),
  ('40000081', 'Nombre81', 'Apellido81', 'nombre81.apellido81@demo.ucu.edu.uy', 'estudiante', 0),
  ('40000082', 'Nombre82', 'Apellido82', 'nombre82.apellido82@demo.ucu.edu.uy', 'docente', 0),
  ('40000083', 'Nombre83', 'Apellido83', 'nombre83.apellido83@demo.ucu.edu.uy', 'posgrado', 0),
  ('40000084', 'Nombre84', 'Apellido84', 'nombre84.apellido84@demo.ucu.edu.uy', 'estudiante', 0),
  ('40000085', 'Nombre85', 'Apellido85', 'nombre85.apellido85@demo.ucu.edu.uy', 'docente', 0),
  ('40000086', 'Nombre86', 'Apellido86', 'nombre86.apellido86@demo.ucu.edu.uy', 'posgrado', 0),
  ('40000087', 'Nombre87', 'Apellido87', 'nombre87.apellido87@demo.ucu.edu.uy', 'estudiante', 0),
  ('40000088', 'Nombre88', 'Apellido88', 'nombre88.apellido88@demo.ucu.edu.uy', 'docente', 0),
  ('40000089', 'Nombre89', 'Apellido89', 'nombre89.apellido89@demo.ucu.edu.uy', 'posgrado', 0),
  ('40000090', 'Nombre90', 'Apellido90', 'nombre90.apellido90@demo.ucu.edu.uy', 'estudiante', 0),
  ('40000091', 'Nombre91', 'Apellido91', 'nombre91.apellido91@demo.ucu.edu.uy', 'docente', 0),
  ('40000092', 'Nombre92', 'Apellido92', 'nombre92.apellido92@demo.ucu.edu.uy', 'posgrado', 0),
  ('40000093', 'Nombre93', 'Apellido93', 'nombre93.apellido93@demo.ucu.edu.uy', 'estudiante', 0),
  ('40000094', 'Nombre94', 'Apellido94', 'nombre94.apellido94@demo.ucu.edu.uy', 'docente', 0),
  ('40000095', 'Nombre95', 'Apellido95', 'nombre95.apellido95@demo.ucu.edu.uy', 'posgrado', 0),
  ('40000096', 'Nombre96', 'Apellido96', 'nombre96.apellido96@demo.ucu.edu.uy', 'estudiante', 0),
  ('40000097', 'Nombre97', 'Apellido97', 'nombre97.apellido97@demo.ucu.edu.uy', 'docente', 0),
  ('40000098', 'Nombre98', 'Apellido98', 'nombre98.apellido98@demo.ucu.edu.uy', 'posgrado', 0),
  ('40000099', 'Nombre99', 'Apellido99', 'nombre99.apellido99@demo.ucu.edu.uy', 'estudiante', 0),
  ('40000100', 'Nombre100', 'Apellido100', 'nombre100.apellido100@demo.ucu.edu.uy', 'docente', 0),
  ('40000101', 'Nombre101', 'Apellido101', 'nombre101.apellido101@demo.ucu.edu.uy', 'posgrado', 0);

-- Participante por programa (subconjunto)
INSERT INTO participante_programa_academico (ci_participante, nombre_programa, rol) VALUES
  ('59876543', 'Ing. en IA y Datos', 'docente'),
  ('50000001', 'Lic. en Ingeniería Informática', 'alumno'),
  ('40000001', 'MBA', 'alumno'),
  ('40000002', 'Finanzas Aplicadas', 'alumno'),
  ('40000003', 'Psicología', 'alumno'),
  ('40000004', 'Educación', 'docente'),
  ('40000005', 'Ing. en IA y Datos', 'alumno'),
  ('40000006', 'Lic. en Ingeniería Informática', 'alumno'),
  ('40000007', 'MBA', 'alumno'),
  ('40000008', 'Finanzas Aplicadas', 'alumno'),
  ('40000009', 'Psicología', 'docente'),
  ('40000010', 'Educación', 'alumno'),
  ('40000011', 'Ing. en IA y Datos', 'alumno'),
  ('40000012', 'Lic. en Ingeniería Informática', 'alumno'),
  ('40000013', 'MBA', 'alumno'),
  ('40000014', 'Finanzas Aplicadas', 'docente'),
  ('40000015', 'Psicología', 'alumno'),
  ('40000016', 'Educación', 'alumno'),
  ('40000017', 'Ing. en IA y Datos', 'alumno'),
  ('40000018', 'Lic. en Ingeniería Informática', 'alumno'),
  ('40000019', 'MBA', 'docente'),
  ('40000020', 'Finanzas Aplicadas', 'alumno'),
  ('40000021', 'Psicología', 'alumno'),
  ('40000022', 'Educación', 'alumno'),
  ('40000023', 'Ing. en IA y Datos', 'alumno'),
  ('40000024', 'Lic. en Ingeniería Informática', 'docente'),
  ('40000025', 'MBA', 'alumno'),
  ('40000026', 'Finanzas Aplicadas', 'alumno'),
  ('40000027', 'Psicología', 'alumno'),
  ('40000028', 'Educación', 'alumno'),
  ('40000029', 'Ing. en IA y Datos', 'docente'),
  ('40000030', 'Lic. en Ingeniería Informática', 'alumno'),
  ('40000031', 'MBA', 'alumno'),
  ('40000032', 'Finanzas Aplicadas', 'alumno'),
  ('40000033', 'Psicología', 'alumno'),
  ('40000034', 'Educación', 'docente'),
  ('40000035', 'Ing. en IA y Datos', 'alumno'),
  ('40000036', 'Lic. en Ingeniería Informática', 'alumno'),
  ('40000037', 'MBA', 'alumno'),
  ('40000038', 'Finanzas Aplicadas', 'alumno'),
  ('40000039', 'Psicología', 'docente'),
  ('40000040', 'Educación', 'alumno'),
  ('40000041', 'Ing. en IA y Datos', 'alumno'),
  ('40000042', 'Lic. en Ingeniería Informática', 'alumno'),
  ('40000043', 'MBA', 'alumno'),
  ('40000044', 'Finanzas Aplicadas', 'docente'),
  ('40000045', 'Psicología', 'alumno'),
  ('40000046', 'Educación', 'alumno'),
  ('40000047', 'Ing. en IA y Datos', 'alumno'),
  ('40000048', 'Lic. en Ingeniería Informática', 'alumno'),
  ('40000049', 'MBA', 'docente'),
  ('40000050', 'Finanzas Aplicadas', 'alumno'),
  ('40000051', 'Psicología', 'alumno'),
  ('40000052', 'Educación', 'alumno'),
  ('40000053', 'Ing. en IA y Datos', 'alumno'),
  ('40000054', 'Lic. en Ingeniería Informática', 'docente'),
  ('40000055', 'MBA', 'alumno'),
  ('40000056', 'Finanzas Aplicadas', 'alumno'),
  ('40000057', 'Psicología', 'alumno'),
  ('40000058', 'Educación', 'alumno'),
  ('40000059', 'Ing. en IA y Datos', 'docente'),
  ('40000060', 'Lic. en Ingeniería Informática', 'alumno'),
  ('40000061', 'MBA', 'alumno'),
  ('40000062', 'Finanzas Aplicadas', 'alumno'),
  ('40000063', 'Psicología', 'alumno'),
  ('40000064', 'Educación', 'docente'),
  ('40000065', 'Ing. en IA y Datos', 'alumno'),
  ('40000066', 'Lic. en Ingeniería Informática', 'alumno'),
  ('40000067', 'MBA', 'alumno'),
  ('40000068', 'Finanzas Aplicadas', 'alumno'),
  ('40000069', 'Psicología', 'docente'),
  ('40000070', 'Educación', 'alumno'),
  ('40000071', 'Ing. en IA y Datos', 'alumno'),
  ('40000072', 'Lic. en Ingeniería Informática', 'alumno'),
  ('40000073', 'MBA', 'alumno'),
  ('40000074', 'Finanzas Aplicadas', 'docente'),
  ('40000075', 'Psicología', 'alumno'),
  ('40000076', 'Educación', 'alumno'),
  ('40000077', 'Ing. en IA y Datos', 'alumno'),
  ('40000078', 'Lic. en Ingeniería Informática', 'alumno'),
  ('40000079', 'MBA', 'docente'),
  ('40000080', 'Finanzas Aplicadas', 'alumno'),
  ('40000081', 'Psicología', 'alumno'),
  ('40000082', 'Educación', 'alumno'),
  ('40000083', 'Ing. en IA y Datos', 'alumno'),
  ('40000084', 'Lic. en Ingeniería Informática', 'docente'),
  ('40000085', 'MBA', 'alumno'),
  ('40000086', 'Finanzas Aplicadas', 'alumno'),
  ('40000087', 'Psicología', 'alumno'),
  ('40000088', 'Educación', 'alumno'),
  ('40000089', 'Ing. en IA y Datos', 'docente'),
  ('40000090', 'Lic. en Ingeniería Informática', 'alumno'),
  ('40000091', 'MBA', 'alumno'),
  ('40000092', 'Finanzas Aplicadas', 'alumno'),
  ('40000093', 'Psicología', 'alumno'),
  ('40000094', 'Educación', 'docente'),
  ('40000095', 'Ing. en IA y Datos', 'alumno'),
  ('40000096', 'Lic. en Ingeniería Informática', 'alumno'),
  ('40000097', 'MBA', 'alumno'),
  ('40000098', 'Finanzas Aplicadas', 'alumno'),
  ('40000099', 'Psicología', 'docente'),
  ('40000100', 'Educación', 'alumno'),
  ('40000101', 'Ing. en IA y Datos', 'alumno');

-- Salas (~100)
INSERT INTO sala (nombre_sala, edificio, capacidad, tipo_sala) VALUES
  ('Sala A-001', 'Sede Central', 6, 'docente'),
  ('Sala A-002', 'Sede Central', 8, 'posgrado'),
  ('Sala A-003', 'Sede Central', 10, 'libre'),
  ('Sala A-004', 'Sede Central', 12, 'docente'),
  ('Sala A-005', 'Sede Central', 14, 'posgrado'),
  ('Sala A-006', 'Sede Central', 16, 'libre'),
  ('Sala A-007', 'Sede Central', 18, 'docente'),
  ('Sala A-008', 'Sede Central', 4, 'posgrado'),
  ('Sala A-009', 'Sede Central', 6, 'libre'),
  ('Sala A-010', 'Sede Central', 8, 'docente'),
  ('Sala A-011', 'Sede Central', 10, 'posgrado'),
  ('Sala A-012', 'Sede Central', 12, 'libre'),
  ('Sala A-013', 'Sede Central', 14, 'docente'),
  ('Sala A-014', 'Sede Central', 16, 'posgrado'),
  ('Sala A-015', 'Sede Central', 18, 'libre'),
  ('Sala A-016', 'Sede Central', 4, 'docente'),
  ('Sala A-017', 'Sede Central', 6, 'posgrado'),
  ('Sala A-018', 'Sede Central', 8, 'libre'),
  ('Sala A-019', 'Sede Central', 10, 'docente'),
  ('Sala A-020', 'Sede Central', 12, 'posgrado'),
  ('Sala B-001', 'Campus Pocitos', 7, 'posgrado'),
  ('Sala B-002', 'Campus Pocitos', 9, 'libre'),
  ('Sala B-003', 'Campus Pocitos', 11, 'docente'),
  ('Sala B-004', 'Campus Pocitos', 13, 'posgrado'),
  ('Sala B-005', 'Campus Pocitos', 15, 'libre'),
  ('Sala B-006', 'Campus Pocitos', 17, 'docente'),
  ('Sala B-007', 'Campus Pocitos', 19, 'posgrado'),
  ('Sala B-008', 'Campus Pocitos', 5, 'libre'),
  ('Sala B-009', 'Campus Pocitos', 7, 'docente'),
  ('Sala B-010', 'Campus Pocitos', 9, 'posgrado'),
  ('Sala B-011', 'Campus Pocitos', 11, 'libre'),
  ('Sala B-012', 'Campus Pocitos', 13, 'docente'),
  ('Sala B-013', 'Campus Pocitos', 15, 'posgrado'),
  ('Sala B-014', 'Campus Pocitos', 17, 'libre'),
  ('Sala B-015', 'Campus Pocitos', 19, 'docente'),
  ('Sala B-016', 'Campus Pocitos', 5, 'posgrado'),
  ('Sala B-017', 'Campus Pocitos', 7, 'libre'),
  ('Sala B-018', 'Campus Pocitos', 9, 'docente'),
  ('Sala B-019', 'Campus Pocitos', 11, 'posgrado'),
  ('Sala B-020', 'Campus Pocitos', 13, 'libre'),
  ('Sala C-001', 'Campus Norte', 8, 'libre'),
  ('Sala C-002', 'Campus Norte', 10, 'docente'),
  ('Sala C-003', 'Campus Norte', 12, 'posgrado'),
  ('Sala C-004', 'Campus Norte', 14, 'libre'),
  ('Sala C-005', 'Campus Norte', 16, 'docente'),
  ('Sala C-006', 'Campus Norte', 18, 'posgrado'),
  ('Sala C-007', 'Campus Norte', 4, 'libre'),
  ('Sala C-008', 'Campus Norte', 6, 'docente'),
  ('Sala C-009', 'Campus Norte', 8, 'posgrado'),
  ('Sala C-010', 'Campus Norte', 10, 'libre'),
  ('Sala C-011', 'Campus Norte', 12, 'docente'),
  ('Sala C-012', 'Campus Norte', 14, 'posgrado'),
  ('Sala C-013', 'Campus Norte', 16, 'libre'),
  ('Sala C-014', 'Campus Norte', 18, 'docente'),
  ('Sala C-015', 'Campus Norte', 4, 'posgrado'),
  ('Sala C-016', 'Campus Norte', 6, 'libre'),
  ('Sala C-017', 'Campus Norte', 8, 'docente'),
  ('Sala C-018', 'Campus Norte', 10, 'posgrado'),
  ('Sala C-019', 'Campus Norte', 12, 'libre'),
  ('Sala C-020', 'Campus Norte', 14, 'docente'),
  ('Sala D-001', 'Campus Este', 9, 'docente'),
  ('Sala D-002', 'Campus Este', 11, 'posgrado'),
  ('Sala D-003', 'Campus Este', 13, 'libre'),
  ('Sala D-004', 'Campus Este', 15, 'docente'),
  ('Sala D-005', 'Campus Este', 17, 'posgrado'),
  ('Sala D-006', 'Campus Este', 19, 'libre'),
  ('Sala D-007', 'Campus Este', 5, 'docente'),
  ('Sala D-008', 'Campus Este', 7, 'posgrado'),
  ('Sala D-009', 'Campus Este', 9, 'libre'),
  ('Sala D-010', 'Campus Este', 11, 'docente'),
  ('Sala D-011', 'Campus Este', 13, 'posgrado'),
  ('Sala D-012', 'Campus Este', 15, 'libre'),
  ('Sala D-013', 'Campus Este', 17, 'docente'),
  ('Sala D-014', 'Campus Este', 19, 'posgrado'),
  ('Sala D-015', 'Campus Este', 5, 'libre'),
  ('Sala D-016', 'Campus Este', 7, 'docente'),
  ('Sala D-017', 'Campus Este', 9, 'posgrado'),
  ('Sala D-018', 'Campus Este', 11, 'libre'),
  ('Sala D-019', 'Campus Este', 13, 'docente'),
  ('Sala D-020', 'Campus Este', 15, 'posgrado'),
  ('Sala E-001', 'Campus Oeste', 10, 'posgrado'),
  ('Sala E-002', 'Campus Oeste', 12, 'libre'),
  ('Sala E-003', 'Campus Oeste', 14, 'docente'),
  ('Sala E-004', 'Campus Oeste', 16, 'posgrado'),
  ('Sala E-005', 'Campus Oeste', 18, 'libre'),
  ('Sala E-006', 'Campus Oeste', 4, 'docente'),
  ('Sala E-007', 'Campus Oeste', 6, 'posgrado'),
  ('Sala E-008', 'Campus Oeste', 8, 'libre'),
  ('Sala E-009', 'Campus Oeste', 10, 'docente'),
  ('Sala E-010', 'Campus Oeste', 12, 'posgrado'),
  ('Sala E-011', 'Campus Oeste', 14, 'libre'),
  ('Sala E-012', 'Campus Oeste', 16, 'docente'),
  ('Sala E-013', 'Campus Oeste', 18, 'posgrado'),
  ('Sala E-014', 'Campus Oeste', 4, 'libre'),
  ('Sala E-015', 'Campus Oeste', 6, 'docente'),
  ('Sala E-016', 'Campus Oeste', 8, 'posgrado'),
  ('Sala E-017', 'Campus Oeste', 10, 'libre'),
  ('Sala E-018', 'Campus Oeste', 12, 'docente'),
  ('Sala E-019', 'Campus Oeste', 14, 'posgrado'),
  ('Sala E-020', 'Campus Oeste', 16, 'libre');

-- Turnos (bloques de 1h de 08:00 a 23:00)
INSERT INTO turno (id_turno, hora_inicio, hora_fin) VALUES
  (1, '08:00:00', '09:00:00'),
  (2, '09:00:00', '10:00:00'),
  (3, '10:00:00', '11:00:00'),
  (4, '11:00:00', '12:00:00'),
  (5, '12:00:00', '13:00:00'),
  (6, '13:00:00', '14:00:00'),
  (7, '14:00:00', '15:00:00'),
  (8, '15:00:00', '16:00:00'),
  (9, '16:00:00', '17:00:00'),
  (10, '17:00:00', '18:00:00'),
  (11, '18:00:00', '19:00:00'),
  (12, '19:00:00', '20:00:00'),
  (13, '20:00:00', '21:00:00'),
  (14, '21:00:00', '22:00:00'),
  (15, '22:00:00', '23:00:00');

-- Reservas (~100)
INSERT INTO reserva (id_reserva, nombre_sala, edificio, fecha, id_turno, estado) VALUES
  (1, 'Sala A-004', 'Sede Central', '2025-11-04', 2, 'finalizada'),
  (2, 'Sala A-007', 'Sede Central', '2025-11-05', 3, 'cancelada'),
  (3, 'Sala A-010', 'Sede Central', '2025-11-06', 4, 'sin_asistencia'),
  (4, 'Sala A-013', 'Sede Central', '2025-11-07', 5, 'activa'),
  (5, 'Sala A-016', 'Sede Central', '2025-11-08', 6, 'finalizada'),
  (6, 'Sala A-019', 'Sede Central', '2025-11-09', 7, 'cancelada'),
  (7, 'Sala B-002', 'Campus Pocitos', '2025-11-10', 8, 'sin_asistencia'),
  (8, 'Sala B-005', 'Campus Pocitos', '2025-11-11', 9, 'activa'),
  (9, 'Sala B-008', 'Campus Pocitos', '2025-11-12', 10, 'finalizada'),
  (10, 'Sala B-011', 'Campus Pocitos', '2025-11-13', 1, 'cancelada'),
  (11, 'Sala B-014', 'Campus Pocitos', '2025-11-14', 2, 'sin_asistencia'),
  (12, 'Sala B-017', 'Campus Pocitos', '2025-11-15', 3, 'activa'),
  (13, 'Sala B-020', 'Campus Pocitos', '2025-11-16', 4, 'finalizada'),
  (14, 'Sala C-003', 'Campus Norte', '2025-11-17', 5, 'cancelada'),
  (15, 'Sala C-006', 'Campus Norte', '2025-11-18', 6, 'sin_asistencia'),
  (16, 'Sala C-009', 'Campus Norte', '2025-11-19', 7, 'activa'),
  (17, 'Sala C-012', 'Campus Norte', '2025-11-20', 8, 'finalizada'),
  (18, 'Sala C-015', 'Campus Norte', '2025-11-21', 9, 'cancelada'),
  (19, 'Sala C-018', 'Campus Norte', '2025-11-22', 11, 'sin_asistencia'),
  (20, 'Sala D-001', 'Campus Este', '2025-11-23', 1, 'activa'),
  (21, 'Sala D-004', 'Campus Este', '2025-11-24', 2, 'finalizada'),
  (22, 'Sala D-007', 'Campus Este', '2025-11-25', 3, 'cancelada'),
  (23, 'Sala D-010', 'Campus Este', '2025-11-26', 4, 'sin_asistencia'),
  (24, 'Sala D-013', 'Campus Este', '2025-11-27', 5, 'activa'),
  (25, 'Sala D-016', 'Campus Este', '2025-11-28', 12, 'finalizada'),
  (26, 'Sala D-019', 'Campus Este', '2025-11-29', 7, 'cancelada'),
  (27, 'Sala E-002', 'Campus Oeste', '2025-11-30', 8, 'sin_asistencia'),
  (28, 'Sala E-005', 'Campus Oeste', '2025-12-01', 9, 'activa'),
  (29, 'Sala E-008', 'Campus Oeste', '2025-12-02', 10, 'finalizada'),
  (30, 'Sala E-011', 'Campus Oeste', '2025-12-03', 1, 'cancelada'),
  (31, 'Sala E-014', 'Campus Oeste', '2025-12-04', 2, 'sin_asistencia'),
  (32, 'Sala E-017', 'Campus Oeste', '2025-12-05', 3, 'activa'),
  (33, 'Sala E-020', 'Campus Oeste', '2025-12-06', 13, 'finalizada'),
  (34, 'Sala A-003', 'Sede Central', '2025-12-07', 5, 'cancelada'),
  (35, 'Sala A-006', 'Sede Central', '2025-12-08', 6, 'sin_asistencia'),
  (36, 'Sala A-009', 'Sede Central', '2025-12-09', 7, 'activa'),
  (37, 'Sala A-012', 'Sede Central', '2025-12-10', 8, 'finalizada'),
  (38, 'Sala A-015', 'Sede Central', '2025-12-11', 9, 'cancelada'),
  (39, 'Sala A-018', 'Sede Central', '2025-12-12', 14, 'sin_asistencia'),
  (40, 'Sala B-001', 'Campus Pocitos', '2025-11-03', 1, 'activa'),
  (41, 'Sala B-004', 'Campus Pocitos', '2025-11-04', 2, 'finalizada'),
  (42, 'Sala B-007', 'Campus Pocitos', '2025-11-05', 3, 'cancelada'),
  (43, 'Sala B-010', 'Campus Pocitos', '2025-11-06', 4, 'sin_asistencia'),
  (44, 'Sala B-013', 'Campus Pocitos', '2025-11-07', 5, 'activa'),
  (45, 'Sala B-016', 'Campus Pocitos', '2025-11-08', 15, 'finalizada'),
  (46, 'Sala B-019', 'Campus Pocitos', '2025-11-09', 7, 'cancelada'),
  (47, 'Sala C-002', 'Campus Norte', '2025-11-10', 8, 'sin_asistencia'),
  (48, 'Sala C-005', 'Campus Norte', '2025-11-11', 9, 'activa'),
  (49, 'Sala C-008', 'Campus Norte', '2025-11-12', 10, 'finalizada'),
  (50, 'Sala C-011', 'Campus Norte', '2025-11-13', 1, 'cancelada'),
  (51, 'Sala C-014', 'Campus Norte', '2025-11-14', 2, 'sin_asistencia'),
  (52, 'Sala C-017', 'Campus Norte', '2025-11-15', 3, 'activa'),
  (53, 'Sala C-020', 'Campus Norte', '2025-11-16', 4, 'finalizada'),
  (54, 'Sala D-003', 'Campus Este', '2025-11-17', 5, 'cancelada'),
  (55, 'Sala D-006', 'Campus Este', '2025-11-18', 6, 'sin_asistencia'),
  (56, 'Sala D-009', 'Campus Este', '2025-11-19', 7, 'activa'),
  (57, 'Sala D-012', 'Campus Este', '2025-11-20', 8, 'finalizada'),
  (58, 'Sala D-015', 'Campus Este', '2025-11-21', 9, 'cancelada'),
  (59, 'Sala D-018', 'Campus Este', '2025-11-22', 10, 'sin_asistencia'),
  (60, 'Sala E-001', 'Campus Oeste', '2025-11-23', 1, 'activa'),
  (61, 'Sala E-004', 'Campus Oeste', '2025-11-24', 2, 'finalizada'),
  (62, 'Sala E-007', 'Campus Oeste', '2025-11-25', 3, 'cancelada'),
  (63, 'Sala E-010', 'Campus Oeste', '2025-11-26', 4, 'sin_asistencia'),
  (64, 'Sala E-013', 'Campus Oeste', '2025-11-27', 5, 'activa'),
  (65, 'Sala E-016', 'Campus Oeste', '2025-11-28', 6, 'finalizada'),
  (66, 'Sala E-019', 'Campus Oeste', '2025-11-29', 7, 'cancelada'),
  (67, 'Sala A-002', 'Sede Central', '2025-11-30', 8, 'sin_asistencia'),
  (68, 'Sala A-005', 'Sede Central', '2025-12-01', 9, 'activa'),
  (69, 'Sala A-008', 'Sede Central', '2025-12-02', 10, 'finalizada'),
  (70, 'Sala A-011', 'Sede Central', '2025-12-03', 1, 'cancelada'),
  (71, 'Sala A-014', 'Sede Central', '2025-12-04', 2, 'sin_asistencia'),
  (72, 'Sala A-017', 'Sede Central', '2025-12-05', 3, 'activa'),
  (73, 'Sala A-020', 'Sede Central', '2025-12-06', 4, 'finalizada'),
  (74, 'Sala B-003', 'Campus Pocitos', '2025-12-07', 5, 'cancelada'),
  (75, 'Sala B-006', 'Campus Pocitos', '2025-12-08', 6, 'sin_asistencia'),
  (76, 'Sala B-009', 'Campus Pocitos', '2025-12-09', 7, 'activa'),
  (77, 'Sala B-012', 'Campus Pocitos', '2025-12-10', 8, 'finalizada'),
  (78, 'Sala B-015', 'Campus Pocitos', '2025-12-11', 9, 'cancelada'),
  (79, 'Sala B-018', 'Campus Pocitos', '2025-12-12', 10, 'sin_asistencia'),
  (80, 'Sala C-001', 'Campus Norte', '2025-11-03', 1, 'activa'),
  (81, 'Sala C-004', 'Campus Norte', '2025-11-04', 2, 'finalizada'),
  (82, 'Sala C-007', 'Campus Norte', '2025-11-05', 3, 'cancelada'),
  (83, 'Sala C-010', 'Campus Norte', '2025-11-06', 4, 'sin_asistencia'),
  (84, 'Sala C-013', 'Campus Norte', '2025-11-07', 5, 'activa'),
  (85, 'Sala C-016', 'Campus Norte', '2025-11-08', 6, 'finalizada'),
  (86, 'Sala C-019', 'Campus Norte', '2025-11-09', 7, 'cancelada'),
  (87, 'Sala D-002', 'Campus Este', '2025-11-10', 8, 'sin_asistencia'),
  (88, 'Sala D-005', 'Campus Este', '2025-11-11', 9, 'activa'),
  (89, 'Sala D-008', 'Campus Este', '2025-11-12', 10, 'finalizada'),
  (90, 'Sala D-011', 'Campus Este', '2025-11-13', 1, 'cancelada'),
  (91, 'Sala D-014', 'Campus Este', '2025-11-14', 2, 'sin_asistencia'),
  (92, 'Sala D-017', 'Campus Este', '2025-11-15', 3, 'activa'),
  (93, 'Sala D-020', 'Campus Este', '2025-11-16', 4, 'finalizada'),
  (94, 'Sala E-003', 'Campus Oeste', '2025-11-17', 5, 'cancelada'),
  (95, 'Sala E-006', 'Campus Oeste', '2025-11-18', 6, 'sin_asistencia'),
  (96, 'Sala E-009', 'Campus Oeste', '2025-11-19', 7, 'activa'),
  (97, 'Sala E-012', 'Campus Oeste', '2025-11-20', 8, 'finalizada'),
  (98, 'Sala E-015', 'Campus Oeste', '2025-11-21', 9, 'cancelada'),
  (99, 'Sala E-018', 'Campus Oeste', '2025-11-22', 10, 'sin_asistencia'),
  (100, 'Sala A-001', 'Sede Central', '2025-11-23', 1, 'activa');

-- Participantes por reserva
INSERT INTO reserva_participante (ci_participante, id_reserva, asistencia) VALUES
  ('40000001', 1, 1),
  ('40000002', 1, 0),
  ('40000003', 2, 0),
  ('40000004', 2, 0),
  ('40000005', 3, 0),
  ('40000006', 3, 0),
  ('40000007', 4, 0),
  ('40000008', 4, 0),
  ('40000009', 5, 1),
  ('40000010', 5, 0),
  ('40000011', 6, 0),
  ('40000012', 6, 0),
  ('40000013', 7, 0),
  ('40000014', 7, 0),
  ('40000015', 8, 0),
  ('40000016', 8, 0),
  ('40000017', 9, 1),
  ('40000018', 9, 0),
  ('40000019', 10, 0),
  ('40000020', 10, 0),
  ('40000021', 11, 0),
  ('40000022', 11, 0),
  ('40000023', 12, 0),
  ('40000024', 12, 0),
  ('40000025', 13, 1),
  ('40000026', 13, 0),
  ('40000027', 14, 0),
  ('40000028', 14, 0),
  ('40000029', 15, 0),
  ('40000030', 15, 0),
  ('40000031', 16, 0),
  ('40000032', 16, 0),
  ('40000033', 17, 1),
  ('40000034', 17, 0),
  ('40000035', 18, 0),
  ('40000036', 18, 0),
  ('40000037', 19, 0),
  ('40000038', 19, 0),
  ('40000039', 20, 0),
  ('40000040', 20, 0),
  ('40000041', 21, 1),
  ('40000042', 21, 0),
  ('40000043', 22, 0),
  ('40000044', 22, 0),
  ('40000045', 23, 0),
  ('40000046', 23, 0),
  ('40000047', 24, 0),
  ('40000048', 24, 0),
  ('40000049', 25, 1),
  ('40000050', 25, 0),
  ('40000051', 26, 0),
  ('40000052', 26, 0),
  ('40000053', 27, 0),
  ('40000054', 27, 0),
  ('40000055', 28, 0),
  ('40000056', 28, 0),
  ('40000057', 29, 1),
  ('40000058', 29, 0),
  ('40000059', 30, 0),
  ('40000060', 30, 0),
  ('40000061', 31, 0),
  ('40000062', 31, 0),
  ('40000063', 32, 0),
  ('40000064', 32, 0),
  ('40000065', 33, 1),
  ('40000066', 33, 0),
  ('40000067', 34, 0),
  ('40000068', 34, 0),
  ('40000069', 35, 0),
  ('40000070', 35, 0),
  ('40000071', 36, 0),
  ('40000072', 36, 0),
  ('40000073', 37, 1),
  ('40000074', 37, 0),
  ('40000075', 38, 0),
  ('40000076', 38, 0),
  ('40000077', 39, 0),
  ('40000078', 39, 0),
  ('40000079', 40, 0),
  ('40000080', 40, 0),
  ('40000081', 41, 1),
  ('40000082', 41, 0),
  ('40000083', 42, 0),
  ('40000084', 42, 0),
  ('40000085', 43, 0),
  ('40000086', 43, 0),
  ('40000087', 44, 0),
  ('40000088', 44, 0),
  ('40000089', 45, 1),
  ('40000090', 45, 0),
  ('40000091', 46, 0),
  ('40000092', 46, 0),
  ('40000093', 47, 0),
  ('40000094', 47, 0),
  ('40000095', 48, 0),
  ('40000096', 48, 0),
  ('40000097', 49, 1),
  ('40000098', 49, 0),
  ('40000099', 50, 0),
  ('40000100', 50, 0),
  ('40000101', 51, 0),
  ('59876543', 51, 0),
  ('50000001', 52, 0),
  ('40000001', 52, 0),
  ('40000002', 53, 1),
  ('40000003', 53, 0),
  ('40000004', 54, 0),
  ('40000005', 54, 0),
  ('40000006', 55, 0),
  ('40000007', 55, 0),
  ('40000008', 56, 0),
  ('40000009', 56, 0),
  ('40000010', 57, 1),
  ('40000011', 57, 0),
  ('40000012', 58, 0),
  ('40000013', 58, 0),
  ('40000014', 59, 0),
  ('40000015', 59, 0),
  ('40000016', 60, 0),
  ('40000017', 60, 0),
  ('40000018', 61, 1),
  ('40000019', 61, 0),
  ('40000020', 62, 0),
  ('40000021', 62, 0),
  ('40000022', 63, 0),
  ('40000023', 63, 0),
  ('40000024', 64, 0),
  ('40000025', 64, 0),
  ('40000026', 65, 1),
  ('40000027', 65, 0),
  ('40000028', 66, 0),
  ('40000029', 66, 0),
  ('40000030', 67, 0),
  ('40000031', 67, 0),
  ('40000032', 68, 0),
  ('40000033', 68, 0),
  ('40000034', 69, 1),
  ('40000035', 69, 0),
  ('40000036', 70, 0),
  ('40000037', 70, 0),
  ('40000038', 71, 0),
  ('40000039', 71, 0),
  ('40000040', 72, 0),
  ('40000041', 72, 0),
  ('40000042', 73, 1),
  ('40000043', 73, 0),
  ('40000044', 74, 0),
  ('40000045', 74, 0),
  ('40000046', 75, 0),
  ('40000047', 75, 0),
  ('40000048', 76, 0),
  ('40000049', 76, 0),
  ('40000050', 77, 1),
  ('40000051', 77, 0),
  ('40000052', 78, 0),
  ('40000053', 78, 0),
  ('40000054', 79, 0),
  ('40000055', 79, 0),
  ('40000056', 80, 0),
  ('40000057', 80, 0),
  ('40000058', 81, 1),
  ('40000059', 81, 0),
  ('40000060', 82, 0),
  ('40000061', 82, 0),
  ('40000062', 83, 0),
  ('40000063', 83, 0),
  ('40000064', 84, 0),
  ('40000065', 84, 0),
  ('40000066', 85, 1),
  ('40000067', 85, 0),
  ('40000068', 86, 0),
  ('40000069', 86, 0),
  ('40000070', 87, 0),
  ('40000071', 87, 0),
  ('40000072', 88, 0),
  ('40000073', 88, 0),
  ('40000074', 89, 1),
  ('40000075', 89, 0),
  ('40000076', 90, 0),
  ('40000077', 90, 0),
  ('40000078', 91, 0),
  ('40000079', 91, 0),
  ('40000080', 92, 0),
  ('40000081', 92, 0),
  ('40000082', 93, 1),
  ('40000083', 93, 0),
  ('40000084', 94, 0),
  ('40000085', 94, 0),
  ('40000086', 95, 0),
  ('40000087', 95, 0),
  ('40000088', 96, 0),
  ('40000089', 96, 0),
  ('40000090', 97, 1),
  ('40000091', 97, 0),
  ('40000092', 98, 0),
  ('40000093', 98, 0),
  ('40000094', 99, 0),
  ('40000095', 99, 0),
  ('40000096', 100, 0),
  ('40000097', 100, 0);

-- Sanciones (activa y expiradas)
INSERT INTO sancion_participante (ci_participante, fecha_inicio, fecha_fin) VALUES
  ('59876543', '2025-11-23', '2025-12-23'),
  ('50000001', '2025-11-20', '2025-12-21'),
  ('40000001', '2025-11-17', '2025-12-19'),
  ('40000002', '2025-11-14', '2025-12-17'),
  ('40000003', '2025-11-11', '2025-12-15'),
  ('40000004', '2025-11-08', '2025-12-13'),
  ('40000005', '2025-11-05', '2025-12-11'),
  ('40000006', '2025-11-02', '2025-12-09'),
  ('40000007', '2025-10-30', '2025-12-07'),
  ('40000008', '2025-10-27', '2025-12-05'),
  ('40000009', '2025-10-24', '2025-12-03'),
  ('40000010', '2025-10-21', '2025-12-01'),
  ('40000011', '2025-10-18', '2025-11-29'),
  ('40000012', '2025-10-15', '2025-11-27'),
  ('40000013', '2025-10-12', '2025-11-25'),
  ('40000014', '2025-10-09', '2025-11-23'),
  ('40000015', '2025-10-06', '2025-11-21'),
  ('40000016', '2025-10-03', '2025-11-19'),
  ('40000017', '2025-09-30', '2025-11-17'),
  ('40000018', '2025-09-27', '2025-11-15');
